{"cameraMode":{"drawMode":0,"name":"Shaded","section":"Shading Mode"},"sceneLighting":true,"audioPlay":false,"sceneViewState":{"showFog":true,"showMaterialUpdate":false,"showSkybox":true,"showFlares":true,"showImageEffects":true,"showParticleSystems":true},"in2DMode":false,"pivot":{"x":23.083316802978517,"y":12.0172119140625,"z":2.94329833984375},"rotation":{"x":-0.14934711158275605,"y":-0.07201741635799408,"z":0.010906320996582508,"w":-0.9861016273498535},"size":55.271942138671878,"orthographic":false}