{"cameraMode":{"drawMode":0,"name":"Shaded","section":"Shading Mode"},"sceneLighting":false,"audioPlay":false,"sceneViewState":{"showFog":true,"showMaterialUpdate":false,"showSkybox":false,"showFlares":true,"showImageEffects":true,"showParticleSystems":true},"in2DMode":false,"pivot":{"x":7.1595964431762699,"y":2.697875499725342,"z":-5.826840400695801},"rotation":{"x":0.1255722939968109,"y":-0.11389801651239395,"z":0.01531234197318554,"w":0.9855379462242127},"size":8.853723526000977,"orthographic":false}