{"cameraMode":{"drawMode":0,"name":"Shaded","section":"Shading Mode"},"sceneLighting":false,"audioPlay":false,"sceneViewState":{"showFog":true,"showMaterialUpdate":false,"showSkybox":false,"showFlares":true,"showImageEffects":true,"showParticleSystems":true},"in2DMode":false,"pivot":{"x":1.4431462287902833,"y":2.755483865737915,"z":-5.81675910949707},"rotation":{"x":0.1255722939968109,"y":-0.11389801651239395,"z":0.01531234197318554,"w":0.9855379462242127},"size":9.255779266357422,"orthographic":false}