{"cameraMode":{"drawMode":0,"name":"Shaded","section":"Shading Mode"},"sceneLighting":true,"audioPlay":false,"sceneViewState":{"showFog":true,"showMaterialUpdate":false,"showSkybox":true,"showFlares":true,"showImageEffects":true,"showParticleSystems":true},"in2DMode":false,"pivot":{"x":97.10612487792969,"y":13.001763343811036,"z":-7.860809326171875},"rotation":{"x":0.14976254105567933,"y":-0.0799914002418518,"z":0.012177152559161187,"w":0.9854328036308289},"size":28.329431533813478,"orthographic":false}