{"cameraMode":{"drawMode":0,"name":"Shaded","section":"Shading Mode"},"sceneLighting":false,"audioPlay":false,"sceneViewState":{"showFog":true,"showMaterialUpdate":false,"showSkybox":false,"showFlares":true,"showImageEffects":true,"showParticleSystems":true},"in2DMode":false,"pivot":{"x":70.17060089111328,"y":5.719170570373535,"z":-9.040922164916993},"rotation":{"x":0.02169809676706791,"y":0.10627230256795883,"z":-0.002320543397217989,"w":0.9941004514694214},"size":26.342159271240236,"orthographic":false}