{"cameraMode":{"drawMode":0,"name":"Shaded","section":"Shading Mode"},"sceneLighting":false,"audioPlay":false,"sceneViewState":{"showFog":true,"showMaterialUpdate":false,"showSkybox":false,"showFlares":true,"showImageEffects":true,"showParticleSystems":true},"in2DMode":false,"pivot":{"x":39.31999969482422,"y":10.130000114440918,"z":-13.710000038146973},"rotation":{"x":0.11301174759864807,"y":0.035763997584581378,"z":-0.004052880220115185,"w":0.9929662346839905},"size":22.0,"orthographic":false}