{"cameraMode":{"drawMode":0,"name":"Shaded","section":"Shading Mode"},"sceneLighting":false,"audioPlay":false,"sceneViewState":{"showFog":true,"showMaterialUpdate":false,"showSkybox":false,"showFlares":true,"showImageEffects":true,"showParticleSystems":true},"in2DMode":false,"pivot":{"x":160.43435668945313,"y":28.471435546875,"z":-12.905109405517579},"rotation":{"x":0.0030014067888259889,"y":-0.9943657517433167,"z":0.09813842922449112,"w":0.04285208508372307},"size":5.675928592681885,"orthographic":false}