{"cameraMode":{"drawMode":0,"name":"Shaded","section":"Shading Mode"},"sceneLighting":true,"audioPlay":false,"sceneViewState":{"showFog":true,"showMaterialUpdate":false,"showSkybox":true,"showFlares":true,"showImageEffects":true,"showParticleSystems":true},"in2DMode":false,"pivot":{"x":-10.447277069091797,"y":1.6315674781799317,"z":12.7646484375},"rotation":{"x":-0.05385499820113182,"y":0.7834909558296204,"z":-0.06858063489198685,"w":-0.6152581572532654},"size":34.80796813964844,"orthographic":false}