{"cameraMode":{"drawMode":0,"name":"Shaded","section":"Shading Mode"},"sceneLighting":true,"audioPlay":false,"sceneViewState":{"showFog":true,"showMaterialUpdate":false,"showSkybox":true,"showFlares":true,"showImageEffects":true,"showParticleSystems":true},"in2DMode":false,"pivot":{"x":0.228110671043396,"y":3.9610981941223146,"z":17.17694664001465},"rotation":{"x":-0.16597267985343934,"y":-0.027512339875102044,"z":0.004632426425814629,"w":-0.985737144947052},"size":46.91246032714844,"orthographic":false}