{"cameraMode":{"drawMode":0,"name":"Shaded","section":"Shading Mode"},"sceneLighting":true,"audioPlay":false,"sceneViewState":{"showFog":true,"showMaterialUpdate":false,"showSkybox":true,"showFlares":true,"showImageEffects":true,"showParticleSystems":true},"in2DMode":false,"pivot":{"x":-2.5714938640594484,"y":3.463430881500244,"z":65.81348419189453},"rotation":{"x":-0.0018088812939822674,"y":0.03359246253967285,"z":-0.000040495284338248894,"w":-0.9994611144065857},"size":50.939178466796878,"orthographic":false}