{"cameraMode":{"drawMode":0,"name":"Shaded","section":"Shading Mode"},"sceneLighting":false,"audioPlay":false,"sceneViewState":{"showFog":true,"showMaterialUpdate":false,"showSkybox":false,"showFlares":true,"showImageEffects":true,"showParticleSystems":true},"in2DMode":false,"pivot":{"x":-0.05541801452636719,"y":1.9229483604431153,"z":23.77348518371582},"rotation":{"x":-0.12051089853048325,"y":0.6717005968093872,"z":-0.1120571419596672,"w":-0.7223257422447205},"size":24.33534812927246,"orthographic":false}