{"cameraMode":{"drawMode":0,"name":"Shaded","section":"Shading Mode"},"sceneLighting":true,"audioPlay":false,"sceneViewState":{"showFog":true,"showMaterialUpdate":false,"showSkybox":true,"showFlares":true,"showImageEffects":true,"showParticleSystems":true},"in2DMode":false,"pivot":{"x":-6.758906841278076,"y":1.2642546892166138,"z":0.19500768184661866},"rotation":{"x":0.022458916530013086,"y":-0.7008023858070374,"z":0.022079873830080034,"w":0.7126719355583191},"size":20.63046646118164,"orthographic":false}