{"cameraMode":{"drawMode":0,"name":"Shaded","section":"Shading Mode"},"sceneLighting":false,"audioPlay":false,"sceneViewState":{"showFog":true,"showMaterialUpdate":true,"showSkybox":false,"showFlares":true,"showImageEffects":true,"showParticleSystems":true},"in2DMode":false,"pivot":{"x":1.9520249366760255,"y":3.6028497219085695,"z":-6.956551551818848},"rotation":{"x":-0.04571814462542534,"y":-0.691286027431488,"z":0.04374879226088524,"w":-0.7200267910957336},"size":5.400580883026123,"orthographic":false}