{"cameraMode":{"drawMode":0,"name":"Shaded","section":"Shading Mode"},"sceneLighting":true,"audioPlay":false,"sceneViewState":{"showFog":true,"showMaterialUpdate":false,"showSkybox":true,"showFlares":true,"showImageEffects":true,"showParticleSystems":true},"in2DMode":false,"pivot":{"x":215.82208251953126,"y":108.72632598876953,"z":-196.24879455566407},"rotation":{"x":0.12173686921596527,"y":-0.03364596888422966,"z":0.004127641674131155,"w":0.9919865131378174},"size":90.32633972167969,"orthographic":false}