{"cameraMode":{"drawMode":0,"name":"Shaded","section":"Shading Mode"},"sceneLighting":false,"audioPlay":false,"sceneViewState":{"showFog":true,"showMaterialUpdate":true,"showSkybox":false,"showFlares":true,"showImageEffects":true,"showParticleSystems":true},"in2DMode":false,"pivot":{"x":140.08224487304688,"y":-158.35916137695313,"z":337.8345031738281},"rotation":{"x":0.18878646194934846,"y":0.15278291702270509,"z":-0.03001420944929123,"w":0.9697648286819458},"size":517.7090454101563,"orthographic":false}