{"cameraMode":{"drawMode":0,"name":"Shaded","section":"Shading Mode"},"sceneLighting":false,"audioPlay":false,"sceneViewState":{"showFog":true,"showMaterialUpdate":true,"showSkybox":false,"showFlares":true,"showImageEffects":true,"showParticleSystems":true},"in2DMode":false,"pivot":{"x":7.1595964431762699,"y":2.697875499725342,"z":-5.826840400695801},"rotation":{"x":0.0557510145008564,"y":0.03622135519981384,"z":-0.001987254247069359,"w":0.9978901147842407},"size":5.814304351806641,"orthographic":false}