{"cameraMode":{"drawMode":0,"name":"Shaded","section":"Shading Mode"},"sceneLighting":true,"audioPlay":false,"sceneViewState":{"showFog":true,"showMaterialUpdate":true,"showSkybox":true,"showFlares":true,"showImageEffects":true,"showParticleSystems":true},"in2DMode":false,"pivot":{"x":7.556407928466797,"y":0.32046985626220705,"z":-3.040273666381836},"rotation":{"x":0.23048509657382966,"y":0.04549480602145195,"z":-0.010833722539246083,"w":0.9720746874809265},"size":19.16685676574707,"orthographic":false}