{"cameraMode":{"drawMode":0,"name":"Shaded","section":"Shading Mode"},"sceneLighting":true,"audioPlay":false,"sceneViewState":{"showFog":true,"showMaterialUpdate":true,"showSkybox":true,"showFlares":true,"showImageEffects":true,"showParticleSystems":true},"in2DMode":false,"pivot":{"x":16.690654754638673,"y":15.001480102539063,"z":-6.980487823486328},"rotation":{"x":0.18231216073036195,"y":-0.001158506260253489,"z":0.0002478891401551664,"w":0.9833981990814209},"size":30.865060806274415,"orthographic":false}