{"cameraMode":{"drawMode":0,"name":"Shaded","section":"Shading Mode"},"sceneLighting":false,"audioPlay":false,"sceneViewState":{"showFog":true,"showMaterialUpdate":false,"showSkybox":false,"showFlares":true,"showImageEffects":true,"showParticleSystems":true},"in2DMode":false,"pivot":{"x":0.00005851794048794545,"y":-0.000050797425501514226,"z":-0.0000070927599153947089},"rotation":{"x":0.5417973399162293,"y":-0.4569975435733795,"z":0.47453081607818606,"w":0.5221673250198364},"size":0.00005715767838410102,"orthographic":false}