{"cameraMode":{"drawMode":0,"name":"Shaded","section":"Shading Mode"},"sceneLighting":true,"audioPlay":false,"sceneViewState":{"showFog":true,"showMaterialUpdate":false,"showSkybox":true,"showFlares":true,"showImageEffects":true,"showParticleSystems":true},"in2DMode":false,"pivot":{"x":-37.57371139526367,"y":7.597704887390137,"z":-245.5975341796875},"rotation":{"x":-0.0004462740907911211,"y":-0.98382568359375,"z":0.17934013903141023,"w":-0.0023554402869194748},"size":64.82000732421875,"orthographic":false}