{"cameraMode":{"drawMode":0,"name":"Shaded","section":"Shading Mode"},"sceneLighting":false,"audioPlay":false,"sceneViewState":{"showFog":true,"showMaterialUpdate":false,"showSkybox":false,"showFlares":true,"showImageEffects":true,"showParticleSystems":true},"in2DMode":false,"pivot":{"x":2.982193946838379,"y":3.5099315643310549,"z":7.729450225830078},"rotation":{"x":0.05752566084265709,"y":-0.6202582120895386,"z":0.04566914215683937,"w":0.7810905575752258},"size":11.559712409973145,"orthographic":false}