{"cameraMode":{"drawMode":0,"name":"Shaded","section":"Shading Mode"},"sceneLighting":false,"audioPlay":false,"sceneViewState":{"showFog":true,"showMaterialUpdate":false,"showSkybox":false,"showFlares":true,"showImageEffects":true,"showParticleSystems":true},"in2DMode":false,"pivot":{"x":-7.191295623779297,"y":2.7984001636505129,"z":4.561583995819092},"rotation":{"x":0.016738297417759897,"y":-0.9770107865333557,"z":0.1963270902633667,"w":0.08316879719495774},"size":18.603771209716798,"orthographic":false}