{"cameraMode":{"drawMode":0,"name":"Shaded","section":"Shading Mode"},"sceneLighting":true,"audioPlay":false,"sceneViewState":{"showFog":true,"showMaterialUpdate":false,"showSkybox":true,"showFlares":true,"showImageEffects":true,"showParticleSystems":true},"in2DMode":false,"pivot":{"x":-11.876575469970704,"y":-1.6608943939208985,"z":-5.438456058502197},"rotation":{"x":0.0898360013961792,"y":-0.7453960180282593,"z":0.10262127220630646,"w":0.6525816321372986},"size":37.515262603759769,"orthographic":false}