{"cameraMode":{"drawMode":0,"name":"Shaded","section":"Shading Mode"},"sceneLighting":false,"audioPlay":false,"sceneViewState":{"showFog":true,"showMaterialUpdate":false,"showSkybox":false,"showFlares":true,"showImageEffects":true,"showParticleSystems":true},"in2DMode":false,"pivot":{"x":4.925595283508301,"y":1.3058087825775147,"z":-2.4102418422698976},"rotation":{"x":0.1334308385848999,"y":-0.002034606412053108,"z":0.00026240444276481867,"w":0.9912202954292297},"size":25.932668685913087,"orthographic":false}