{"cameraMode":{"drawMode":0,"name":"Shaded","section":"Shading Mode"},"sceneLighting":true,"audioPlay":false,"sceneViewState":{"showFog":true,"showMaterialUpdate":false,"showSkybox":false,"showFlares":true,"showImageEffects":true,"showParticleSystems":true},"in2DMode":false,"pivot":{"x":326.71728515625,"y":-11.039947509765625,"z":314.5521545410156},"rotation":{"x":-0.06606943160295487,"y":-0.07716570794582367,"z":0.005088046658784151,"w":-0.9948707222938538},"size":597.9429321289063,"orthographic":false}