{"cameraMode":{"drawMode":0,"name":"Shaded","section":"Shading Mode"},"sceneLighting":false,"audioPlay":false,"sceneViewState":{"showFog":true,"showMaterialUpdate":false,"showSkybox":false,"showFlares":true,"showImageEffects":true,"showParticleSystems":true},"in2DMode":false,"pivot":{"x":0.1687232255935669,"y":1.251539945602417,"z":-0.3724360466003418},"rotation":{"x":0.0026132941711694,"y":-0.23566697537899018,"z":-0.0006369300535880029,"w":-0.9718387722969055},"size":5.304081439971924,"orthographic":false}