{"cameraMode":{"drawMode":0,"name":"Shaded","section":"Shading Mode"},"sceneLighting":false,"audioPlay":false,"sceneViewState":{"showFog":true,"showMaterialUpdate":false,"showSkybox":false,"showFlares":true,"showImageEffects":true,"showParticleSystems":true},"in2DMode":false,"pivot":{"x":78.73001861572266,"y":6.720124244689941,"z":-9.014467239379883},"rotation":{"x":-0.016809888184070588,"y":-0.003905732650309801,"z":0.00003490326344035566,"w":-0.9999033212661743},"size":28.78632926940918,"orthographic":false}