{"cameraMode":{"drawMode":0,"name":"Shaded","section":"Shading Mode"},"sceneLighting":false,"audioPlay":false,"sceneViewState":{"showFog":true,"showMaterialUpdate":false,"showSkybox":false,"showFlares":true,"showImageEffects":true,"showParticleSystems":true},"in2DMode":false,"pivot":{"x":43.8045654296875,"y":11.68893814086914,"z":-8.96499252319336},"rotation":{"x":-0.17953141033649445,"y":-0.5588811635971069,"z":0.12545184791088105,"w":-0.7998016476631165},"size":14.562102317810059,"orthographic":false}